{"cameraMode":{"drawMode":0,"name":"Shaded","section":"Shading Mode"},"sceneLighting":false,"audioPlay":false,"sceneViewState":{"showFog":true,"showMaterialUpdate":false,"showSkybox":false,"showFlares":true,"showImageEffects":true,"showParticleSystems":true,"showVisualEffectGraphs":true,"m_FxEnabled":true},"in2DMode":false,"pivot":{"x":0.5193144679069519,"y":0.44586628675460818,"z":-9.608611106872559},"rotation":{"x":0.08694548904895783,"y":0.7132762670516968,"z":-0.08990173041820526,"w":0.6896080374717712},"size":3.2660250663757326,"orthographic":false}