{"cameraMode":{"drawMode":0,"name":"Shaded","section":"Shading Mode"},"sceneLighting":false,"audioPlay":false,"sceneViewState":{"showFog":true,"showMaterialUpdate":false,"showSkybox":false,"showFlares":true,"showImageEffects":true,"showParticleSystems":true,"showVisualEffectGraphs":true,"m_FxEnabled":true},"in2DMode":false,"pivot":{"x":44.809059143066409,"y":114.1404800415039,"z":51.179779052734378},"rotation":{"x":-0.007251528557389975,"y":-0.9690198302268982,"z":0.2442317008972168,"w":-0.029310476034879686},"size":4.022252559661865,"orthographic":false}