{"cameraMode":{"drawMode":0,"name":"Shaded","section":"Shading Mode"},"sceneLighting":false,"audioPlay":false,"sceneViewState":{"showFog":true,"showMaterialUpdate":false,"showSkybox":false,"showFlares":true,"showImageEffects":true,"showParticleSystems":true,"showVisualEffectGraphs":true,"m_FxEnabled":true},"in2DMode":false,"pivot":{"x":0.45233333110809328,"y":-1.3797225952148438,"z":1.478363037109375},"rotation":{"x":-0.39026111364364626,"y":-0.03989976644515991,"z":0.014799697324633599,"w":-0.9192600846290588},"size":14.212969779968262,"orthographic":false}