{"cameraMode":{"drawMode":0,"name":"Shaded","section":"Shading Mode"},"sceneLighting":false,"audioPlay":false,"sceneViewState":{"showFog":true,"showMaterialUpdate":false,"showSkybox":false,"showFlares":true,"showImageEffects":true,"showParticleSystems":true,"showVisualEffectGraphs":true,"m_FxEnabled":true},"in2DMode":false,"pivot":{"x":9.100000381469727,"y":0.20499999821186067,"z":-0.010000228881835938},"rotation":{"x":-0.20471112430095673,"y":-0.7149918079376221,"z":0.23364926874637605,"w":-0.6262021064758301},"size":10.003623962402344,"orthographic":false}