{"cameraMode":{"drawMode":0,"name":"Shaded","section":"Shading Mode"},"sceneLighting":false,"audioPlay":false,"sceneViewState":{"showFog":true,"showMaterialUpdate":false,"showSkybox":false,"showFlares":true,"showImageEffects":true,"showParticleSystems":true},"in2DMode":false,"pivot":{"x":0.13847167789936067,"y":-0.39939725399017336,"z":-3.8560616970062258},"rotation":{"x":-0.0009519970044493675,"y":-0.9987994432449341,"z":0.054288219660520557,"w":-0.004907908849418163},"size":2.012601137161255,"orthographic":false}