{"cameraMode":{"drawMode":0,"name":"Shaded","section":"Shading Mode"},"sceneLighting":false,"audioPlay":false,"sceneViewState":{"showFog":true,"showMaterialUpdate":false,"showSkybox":false,"showFlares":true,"showImageEffects":true,"showParticleSystems":true},"in2DMode":false,"pivot":{"x":3.0000131130218508,"y":-0.7622782588005066,"z":2.7965219020843508},"rotation":{"x":-0.14607088267803193,"y":-0.5802246332168579,"z":0.10659058392047882,"w":-0.7942633628845215},"size":3.9086787700653078,"orthographic":false}