{"cameraMode":{"drawMode":0,"name":"Shaded","section":"Shading Mode"},"sceneLighting":false,"audioPlay":false,"sceneViewState":{"showFog":true,"showMaterialUpdate":false,"showSkybox":false,"showFlares":true,"showImageEffects":true,"showParticleSystems":true},"in2DMode":false,"pivot":{"x":1.0477633476257325,"y":0.5165964365005493,"z":0.004650446120649576},"rotation":{"x":0.07410301268100739,"y":0.9221369028091431,"z":-0.21852755546569825,"w":0.31110337376594546},"size":0.7500213384628296,"orthographic":false}