{"cameraMode":{"drawMode":0,"name":"Shaded","section":"Shading Mode"},"sceneLighting":false,"audioPlay":false,"sceneViewState":{"showFog":true,"showMaterialUpdate":false,"showSkybox":false,"showFlares":true,"showImageEffects":true,"showParticleSystems":true},"in2DMode":false,"pivot":{"x":-14.616127014160157,"y":-3.686688184738159,"z":-1.8332023620605469},"rotation":{"x":0.12088105082511902,"y":-0.43750473856925967,"z":0.06001587212085724,"w":0.8896191120147705},"size":0.5597299337387085,"orthographic":false}