{"cameraMode":{"drawMode":0,"name":"Shaded","section":"Shading Mode"},"sceneLighting":false,"audioPlay":false,"sceneViewState":{"showFog":true,"showMaterialUpdate":false,"showSkybox":false,"showFlares":true,"showImageEffects":true,"showParticleSystems":true,"showVisualEffectGraphs":true,"m_FxEnabled":true},"in2DMode":false,"pivot":{"x":0.09415434300899506,"y":-0.2919710874557495,"z":6.870609760284424},"rotation":{"x":0.30047711730003359,"y":-0.012282977811992169,"z":0.006847779732197523,"w":0.953272819519043},"size":14.156502723693848,"orthographic":false}