{"cameraMode":{"drawMode":0,"name":"Shaded","section":"Shading Mode"},"sceneLighting":false,"audioPlay":false,"sceneViewState":{"showFog":true,"showMaterialUpdate":false,"showSkybox":false,"showFlares":true,"showImageEffects":true,"showParticleSystems":true,"showVisualEffectGraphs":true,"m_FxEnabled":true},"in2DMode":false,"pivot":{"x":5.4814558029174809,"y":-1.4248682260513306,"z":3.989706516265869},"rotation":{"x":0.0947621688246727,"y":0.40436074137687685,"z":-0.039570942521095279,"w":0.9083768129348755},"size":3.9163880348205568,"orthographic":false}