{"cameraMode":{"drawMode":0,"name":"Shaded","section":"Shading Mode"},"sceneLighting":false,"audioPlay":false,"sceneViewState":{"showFog":true,"showMaterialUpdate":false,"showSkybox":false,"showFlares":true,"showImageEffects":true,"showParticleSystems":true,"showVisualEffectGraphs":true,"m_FxEnabled":true},"in2DMode":false,"pivot":{"x":2.5785717964172365,"y":9.281418800354004,"z":5.850030899047852},"rotation":{"x":0.13393768668174745,"y":0.006335802376270294,"z":0.0015903410967439414,"w":0.990537703037262},"size":2.522252321243286,"orthographic":false}